<?xml version="1.0"?>
 

 
<!DOCTYPE suppressions PUBLIC
 
    "-//Puppy Crawl//DTD Suppressions 1.1//EN"
 
    "http://www.puppycrawl.com/dtds/suppressions_1_1.dtd">
 

 
<suppressions>
 

 
<!-- Suppressions for unit testing code --> 
  <suppress checks="MagicNumber" 
            files=".*(OrbOfConfusion|MiscUtils|Test|Mock|TeamController|TeamView|SequenceBlockCache|DataManager|PersistenceSession)\.java" 
            /> 
  <suppress checks="JavadocMethod" 
            files=".*(Test|Mock)\.java" 
            /> 
  <suppress checks="JavadocVariable" 
            files=".*(Test|Mock)\.java" 
            /> 
  <suppress checks="JavadocType" 
            files=".*(Test|Mock)\.java" 
            /> 
  <suppress checks="IllegalThrows" 
            files=".*(Test|Mock)\.java" 
            /> 
  <suppress checks="ParameterNumberCheck" 
            files=".*(Database|Test|Mock|CustomerDwhInfoDto|CustomerDwhInfoEntity|GeoBadPayerInfoDto|ThroughputEvent)\.java" 
            /> 
  <suppress checks="MethodLengthCheck" 
            files=".*(LockManager|IndexerSlave)\.java" 
            /> 
  <suppress checks="InnerAssignment" 
            files=".*(EchoServer|SecuMangaGatewayWebService|IndexedTextFileAccessor|IndexerMaster|Test|Mock)\.java" 
            /> 
  <suppress checks="MemberName" 
            files=".*Fraction\.java" 
            /> 
  <suppress checks="." 
            files=".*de[\\/]calamanari[\\/]other[\\/].*\.java" 
            /> 
</suppressions>